{"RuleTriggered": 0, "Violations": 0, "Details": {"pin_memory": false, "num_workers": 0, "cores": 4, "dataloaders": 1, "dataloading_time": {"p25": 1.680699, "p50": 1.8207179999999998, "p95": 2.6196968, "probs": [1, 0, 0, 0, 0, 0, 0, 1, 0, 0, 0, 0, 0, 1, 1, 0, 0, 0, 0, 0, 1, 0, 0, 0, 0, 0, 0, 0, 1, 0, 1, 0, 0, 0, 0, 0, 0, 0, 0, 0, 1, 0, 0, 0, 0, 0, 0, 0, 0, 0, 0, 0, 0, 0, 0, 0, 0, 0, 0, 0, 0, 0, 0, 0, 0, 0, 0, 0, 0, 1, 0, 0, 0, 0, 0, 0, 0, 0, 0, 0, 0, 0, 0, 0, 0, 0, 0, 0, 0, 0, 0, 0, 0, 0, 0, 0, 0, 0, 0, 1], "binedges": [1.507027, 1.5199005799999998, 1.53277416, 1.54564774, 1.5585213199999999, 1.5713948999999998, 1.58426848, 1.59714206, 1.6100156399999999, 1.6228892199999998, 1.6357628, 1.64863638, 1.6615099599999998, 1.67438354, 1.68725712, 1.7001306999999999, 1.7130042799999998, 1.72587786, 1.73875144, 1.7516250199999999, 1.7644986, 1.77737218, 1.79024576, 1.8031193399999998, 1.81599292, 1.8288665, 1.84174008, 1.85461366, 1.86748724, 1.88036082, 1.8932343999999999, 1.90610798, 1.91898156, 1.93185514, 1.94472872, 1.9576023, 1.97047588, 1.98334946, 1.99622304, 2.00909662, 2.0219702, 2.03484378, 2.04771736, 2.06059094, 2.07346452, 2.0863381, 2.09921168, 2.1120852599999997, 2.12495884, 2.13783242, 2.150706, 2.16357958, 2.17645316, 2.1893267400000003, 2.20220032, 2.2150739, 2.22794748, 2.24082106, 2.25369464, 2.26656822, 2.2794418, 2.29231538, 2.30518896, 2.31806254, 2.33093612, 2.3438097, 2.35668328, 2.3695568600000003, 2.3824304400000003, 2.39530402, 2.4081776, 2.42105118, 2.43392476, 2.44679834, 2.45967192, 2.4725455, 2.4854190800000002, 2.49829266, 2.51116624, 2.52403982, 2.5369134, 2.5497869800000004, 2.5626605600000003, 2.5755341400000002, 2.58840772, 2.6012813, 2.61415488, 2.62702846, 2.63990204, 2.65277562, 2.6656492, 2.67852278, 2.69139636, 2.70426994, 2.71714352, 2.7300171000000004, 2.7428906800000004, 2.7557642600000003, 2.7686378400000002, 2.78151142, 2.794385]}}, "Datapoints": 10, "RuleParameters": "min_threshold:70\nmax_threshold:200"}