{"RuleTriggered": 0, "Violations": 84, "Details": {"low_gpu_utilization": 1741, "bottlenecks": {"1664734654.002733": {"GPUs": 1, "CPUs": 3}, "1664734654.502687": {"GPUs": 1, "CPUs": 3}, "1664734655.002711": {"GPUs": 1, "CPUs": 3}, "1664734655.502687": {"GPUs": 1, "CPUs": 3}, "1664734656.002685": {"GPUs": 1, "CPUs": 3}, "1664734656.502702": {"GPUs": 1, "CPUs": 3}, "1664734691.002713": {"GPUs": 1, "CPUs": 1}, "1664734691.502688": {"GPUs": 1, "CPUs": 1}, "1664734692.002698": {"GPUs": 1, "CPUs": 1}, "1664734692.502698": {"GPUs": 1, "CPUs": 1}, "1664734693.002676": {"GPUs": 1, "CPUs": 2}, "1664734696.002729": {"GPUs": 1, "CPUs": 1}, "1664734696.502701": {"GPUs": 1, "CPUs": 1}, "1664734697.002697": {"GPUs": 1, "CPUs": 3}, "1664734697.502735": {"GPUs": 1, "CPUs": 3}, "1664734698.002688": {"GPUs": 1, "CPUs": 3}, "1664734698.502702": {"GPUs": 1, "CPUs": 3}, "1664734699.002702": {"GPUs": 1, "CPUs": 3}, "1664734699.502678": {"GPUs": 1, "CPUs": 3}, "1664734700.003428": {"GPUs": 1, "CPUs": 3}, "1664734700.502687": {"GPUs": 1, "CPUs": 3}, "1664734701.003118": {"GPUs": 1, "CPUs": 2}, "1664734701.502787": {"GPUs": 1, "CPUs": 1}, "1664734708.502705": {"GPUs": 1, "CPUs": 2}, "1664734709.002708": {"GPUs": 1, "CPUs": 1}, "1664734709.502686": {"GPUs": 1, "CPUs": 1}, "1664734710.002698": {"GPUs": 1, "CPUs": 1}, "1664734710.502799": {"GPUs": 1, "CPUs": 2}, "1664734711.002644": {"GPUs": 1, "CPUs": 2}, "1664734725.00268": {"GPUs": 1, "CPUs": 1}, "1664734729.002708": {"GPUs": 1, "CPUs": 1}, "1664734729.502684": {"GPUs": 1, "CPUs": 1}, "1664734730.002858": {"GPUs": 1, "CPUs": 1}, "1664734731.00273": {"GPUs": 1, "CPUs": 2}, "1664734731.502683": {"GPUs": 1, "CPUs": 2}, "1664734732.002705": {"GPUs": 1, "CPUs": 2}, "1664734732.502706": {"GPUs": 1, "CPUs": 3}, "1664734733.003488": {"GPUs": 1, "CPUs": 1}, "1664734733.502713": {"GPUs": 1, "CPUs": 2}, "1664734734.002701": {"GPUs": 1, "CPUs": 1}, "1664734734.50271": {"GPUs": 1, "CPUs": 1}, "1664734735.002705": {"GPUs": 1, "CPUs": 2}, "1664734735.502678": {"GPUs": 1, "CPUs": 1}, "1664734736.002689": {"GPUs": 1, "CPUs": 2}, "1664734749.50268": {"GPUs": 1, "CPUs": 2}, "1664734750.002692": {"GPUs": 1, "CPUs": 1}, "1664734750.502704": {"GPUs": 1, "CPUs": 2}, "1664734751.002691": {"GPUs": 1, "CPUs": 2}, "1664734751.503436": {"GPUs": 1, "CPUs": 1}, "1664734755.502695": {"GPUs": 1, "CPUs": 1}, "1664734756.002719": {"GPUs": 1, "CPUs": 1}, "1664734762.502684": {"GPUs": 1, "CPUs": 1}, "1664734777.00347": {"GPUs": 1, "CPUs": 1}, "1664734777.502682": {"GPUs": 1, "CPUs": 3}, "1664734778.002691": {"GPUs": 1, "CPUs": 3}, "1664734778.502718": {"GPUs": 1, "CPUs": 3}, "1664734779.002714": {"GPUs": 1, "CPUs": 3}, "1664734779.502689": {"GPUs": 1, "CPUs": 3}, "1664734780.002777": {"GPUs": 1, "CPUs": 3}, "1664734780.503062": {"GPUs": 1, "CPUs": 3}, "1664734781.00269": {"GPUs": 1, "CPUs": 3}, "1664734781.503499": {"GPUs": 1, "CPUs": 3}, "1664734782.002675": {"GPUs": 1, "CPUs": 3}, "1664734782.502689": {"GPUs": 1, "CPUs": 3}, "1664734783.002698": {"GPUs": 1, "CPUs": 3}, "1664734783.50271": {"GPUs": 1, "CPUs": 3}, "1664734784.00269": {"GPUs": 1, "CPUs": 3}, "1664734784.50272": {"GPUs": 1, "CPUs": 3}, "1664734785.002692": {"GPUs": 1, "CPUs": 3}, "1664734785.502688": {"GPUs": 1, "CPUs": 3}, "1664734786.002701": {"GPUs": 1, "CPUs": 3}, "1664734786.502681": {"GPUs": 1, "CPUs": 3}, "1664734787.002869": {"GPUs": 1, "CPUs": 3}, "1664734793.002677": {"GPUs": 1, "CPUs": 2}, "1664734796.002713": {"GPUs": 1, "CPUs": 2}, "1664734796.502697": {"GPUs": 1, "CPUs": 2}, "1664734797.002683": {"GPUs": 1, "CPUs": 2}, "1664734797.502691": {"GPUs": 1, "CPUs": 1}, "1664734798.002722": {"GPUs": 1, "CPUs": 1}, "1664734798.502727": {"GPUs": 1, "CPUs": 1}, "1664734803.503063": {"GPUs": 1, "CPUs": 1}, "1664734804.00268": {"GPUs": 1, "CPUs": 1}, "1664734809.002692": {"GPUs": 1, "CPUs": 1}, "1664734827.002686": {"GPUs": 1, "CPUs": 1}}}, "Datapoints": 2538, "RuleParameters": "threshold:50\nio_threshold:50\ngpu_threshold:10\npatience:1000"}