{"RuleTriggered": 0, "Violations": 0, "Details": {"step_num": {"first": 1664734832208441, "last": 1664735806083284}, "job_start": 1664734562.004342, "job_end": 1664735819.503139}, "Datapoints": 362, "RuleParameters": "threshold:20"}