{"RuleTriggered": 0, "Violations": 0, "Details": {"ratio": {"gpu_functions-dev:0": 52.77720969936366, "cpu_functions": 47.22279030063633}, "phase": {"Step:ModeKeys.TRAIN": 12.690553587967738, "others": 86.33772817793124, "Step:ModeKeys.EVAL": 0.9717182341010285}, "phase_time": {}, "CPU": {"aten::conv2d": 12.760181227352582, "aten::convolution": 12.719944703643755, "aten::_convolution": 12.6009546156925, "aten::cudnn_convolution": 12.583349207167762, "aten::item": 5.936463182708716, "aten::_local_scalar_dense": 5.870114902379429, "torch::autograd::AccumulateGrad": 2.4958035889627026, "CudnnConvolutionBackward": 3.4587882561274834, "aten::cudnn_convolution_backward": 3.2544599403561603, "enumerate(DataLoader)#_SingleProcessDataLoaderIter.__next__": 28.319940375608905}, "CPU_total": {"aten::conv2d": 8266927, "aten::convolution": 8240859, "aten::_convolution": 8163769, "aten::cudnn_convolution": 8152363, "aten::item": 3846051, "aten::_local_scalar_dense": 3803066, "torch::autograd::AccumulateGrad": 1616954, "CudnnConvolutionBackward": 2240842, "aten::cudnn_convolution_backward": 2108464, "enumerate(DataLoader)#_SingleProcessDataLoaderIter.__next__": 18347614}, "GPU": {"aten::conv2d": 13.474223642640897, "aten::convolution": 13.47169369727813, "aten::_convolution": 13.469202652777613, "aten::cudnn_convolution": 13.46486381732022, "CudnnConvolutionBackward": 6.8810359810885675, "aten::cudnn_convolution_backward": 6.8771931316248605, "aten::cudnn_convolution_backward_input": 3.015118306066399, "aten::cudnn_convolution_backward_weight": 3.8550504412892974, "enumerate(DataLoader)#_SingleProcessDataLoaderIter.__next__": 25.49161832991402}, "GPU_total": {"aten::conv2d": 9698455, "aten::convolution": 9696634, "aten::_convolution": 9694841, "aten::cudnn_convolution": 9691718, "CudnnConvolutionBackward": 4952821, "aten::cudnn_convolution_backward": 4950055, "aten::cudnn_convolution_backward_input": 2170217, "aten::cudnn_convolution_backward_weight": 2774782, "enumerate(DataLoader)#_SingleProcessDataLoaderIter.__next__": 18348316}, "general": {"DataLoaderIterInitialize": 0.005058739671303149, "DataLoaderIter": 20.806662176467963, "Forward": 79.18827908386073}}, "Datapoints": 0, "RuleParameters": ""}