{"RuleTriggered": 8, "Violations": 88, "Details": {"step_details": {"algo-1-27": {"step_stats": {"mean": 0.213424, "max": 9.66096, "p99": 4.76281422, "p95": 0.038486299999999994, "p50": 0.030111, "min": 0.024724}, "number_of_outliers": 11, "phase": "Step:ModeKeys.TRAIN", "stddev": 0.97, "probs": [307, 0, 0, 0, 0, 0, 0, 0, 0, 0, 0, 0, 0, 0, 0, 0, 0, 0, 0, 0, 0, 0, 0, 0, 0, 0, 0, 0, 0, 0, 0, 0, 0, 0, 0, 0, 0, 0, 0, 0, 0, 0, 0, 0, 0, 0, 0, 0, 0, 0, 0, 0, 0, 0, 0, 0, 0, 0, 0, 0, 0, 0, 0, 0, 0, 0, 0, 0, 0, 0, 0, 0, 0, 0, 0, 0, 0, 0, 0, 0, 0, 0, 0, 0, 0, 0, 0, 0, 0, 0, 0, 0, 0, 0, 0, 0, 0, 0, 0, 1], "binedges": [0.024724, 0.04546585, 0.0662077, 0.08694955, 0.10769139999999999, 0.12843325, 0.1491751, 0.16991694999999998, 0.1906588, 0.21140065, 0.2321425, 0.25288435, 0.2736262, 0.29436805, 0.3151099, 0.33585175, 0.3565936, 0.37733545, 0.3980773, 0.41881915000000003, 0.43956100000000004, 0.46030285, 0.4810447, 0.5017865499999999, 0.5225284, 0.54327025, 0.5640120999999999, 0.58475395, 0.6054957999999999, 0.62623765, 0.6469794999999999, 0.66772135, 0.6884631999999999, 0.7092050499999999, 0.7299469, 0.7506887499999999, 0.7714306, 0.7921724499999999, 0.8129143, 0.8336561499999999, 0.854398, 0.8751398499999999, 0.8958816999999999, 0.91662355, 0.9373653999999999, 0.95810725, 0.9788490999999999, 0.99959095, 1.0203328, 1.0410746499999999, 1.0618165, 1.08255835, 1.1033001999999998, 1.12404205, 1.1447839, 1.16552575, 1.1862675999999999, 1.20700945, 1.2277513, 1.2484931499999998, 1.269235, 1.28997685, 1.3107187, 1.3314605499999999, 1.3522024, 1.37294425, 1.3936860999999998, 1.4144279499999999, 1.4351698, 1.45591165, 1.4766534999999998, 1.49739535, 1.5181372, 1.5388790499999998, 1.5596208999999999, 1.58036275, 1.6011046, 1.6218464499999998, 1.6425883, 1.66333015, 1.684072, 1.7048138499999999, 1.7255557, 1.74629755, 1.7670393999999998, 1.7877812499999999, 1.8085231, 1.82926495, 1.8500067999999998, 1.87074865, 1.8914905, 1.9122323499999998, 1.9329741999999999, 1.95371605, 1.9744579, 1.9951997499999998, 2.0159416, 2.03668345, 2.0574253, 2.07816715, 2.098909], "step_numbers": ["0", "1", "2", "3", "3", "4", "5", "6", "7", "8", "9"]}}}, "Datapoints": 362, "RuleParameters": "threshold:3\nmode:None\nn_outliers:10\nstddev:3"}