{"RuleTriggered": 1, "Violations": 1, "Details": {"pin_memory": false, "num_workers": 0, "cores": 4, "dataloaders": 1, "dataloading_time": {"p25": 1.832554, "p50": 1.949782, "p95": 2.266132, "probs": [1, 0, 0, 0, 0, 0, 0, 0, 0, 0, 0, 1, 0, 0, 0, 0, 0, 0, 0, 0, 0, 0, 0, 0, 0, 1, 0, 0, 1, 0, 0, 0, 0, 0, 0, 0, 0, 0, 0, 0, 0, 0, 0, 1, 0, 0, 1, 0, 0, 0, 0, 0, 0, 0, 0, 0, 0, 1, 0, 0, 0, 0, 0, 0, 0, 0, 0, 0, 0, 0, 0, 0, 0, 0, 1, 0, 0, 0, 1, 0, 0, 0, 0, 0, 0, 0, 0, 0, 0, 0, 0, 0, 0, 0, 0, 0, 0, 0, 0, 2], "binedges": [1.670027, 1.67598805, 1.6819491, 1.68791015, 1.6938712, 1.6998322499999998, 1.7057932999999998, 1.7117543499999999, 1.7177154, 1.72367645, 1.7296375, 1.73559855, 1.7415596, 1.74752065, 1.7534817, 1.7594427499999998, 1.7654037999999999, 1.7713648499999999, 1.7773259, 1.78328695, 1.789248, 1.79520905, 1.8011701, 1.80713115, 1.8130921999999998, 1.8190532499999998, 1.8250142999999999, 1.83097535, 1.8369364, 1.84289745, 1.8488585, 1.85481955, 1.8607806, 1.8667416499999998, 1.8727026999999998, 1.8786637499999999, 1.8846247999999999, 1.89058585, 1.8965469, 1.90250795, 1.908469, 1.91443005, 1.9203910999999998, 1.9263521499999998, 1.9323131999999998, 1.9382742499999999, 1.9442352999999999, 1.95019635, 1.9561574, 1.96211845, 1.9680795, 1.9740405499999998, 1.9800015999999998, 1.9859626499999998, 1.9919236999999999, 1.9978847499999999, 2.0038457999999997, 2.00980685, 2.0157678999999997, 2.02172895, 2.0276899999999998, 2.03365105, 2.0396121, 2.04557315, 2.0515342, 2.0574952499999997, 2.0634563, 2.0694173499999997, 2.0753784, 2.0813394499999998, 2.0873005, 2.09326155, 2.0992226, 2.10518365, 2.1111446999999997, 2.11710575, 2.1230667999999997, 2.12902785, 2.1349888999999997, 2.14094995, 2.146911, 2.15287205, 2.1588331, 2.1647941499999996, 2.1707552, 2.1767162499999997, 2.1826773, 2.1886383499999997, 2.1945994, 2.20056045, 2.2065215, 2.21248255, 2.2184435999999996, 2.22440465, 2.2303656999999997, 2.23632675, 2.2422877999999997, 2.24824885, 2.2542098999999998, 2.26017095, 2.266132]}}, "Datapoints": 11, "RuleParameters": "min_threshold:70\nmax_threshold:200"}