{"RuleTriggered": 0, "Violations": 110, "Details": {"low_gpu_utilization": 1712, "bottlenecks": {"1664754367.005425": {"GPUs": 1, "CPUs": 1}, "1664754367.50543": {"GPUs": 1, "CPUs": 2}, "1664754383.505431": {"GPUs": 1, "CPUs": 3}, "1664754384.005412": {"GPUs": 1, "CPUs": 2}, "1664754384.505421": {"GPUs": 1, "CPUs": 2}, "1664754385.005414": {"GPUs": 1, "CPUs": 2}, "1664754385.505426": {"GPUs": 1, "CPUs": 2}, "1664754401.505426": {"GPUs": 1, "CPUs": 1}, "1664754402.005427": {"GPUs": 1, "CPUs": 1}, "1664754402.505418": {"GPUs": 1, "CPUs": 1}, "1664754403.005426": {"GPUs": 1, "CPUs": 2}, "1664754403.505427": {"GPUs": 1, "CPUs": 2}, "1664754404.005415": {"GPUs": 1, "CPUs": 2}, "1664754404.505447": {"GPUs": 1, "CPUs": 2}, "1664754405.005422": {"GPUs": 1, "CPUs": 2}, "1664754405.505432": {"GPUs": 1, "CPUs": 2}, "1664754406.005437": {"GPUs": 1, "CPUs": 2}, "1664754412.005413": {"GPUs": 1, "CPUs": 1}, "1664754412.505428": {"GPUs": 1, "CPUs": 1}, "1664754413.005448": {"GPUs": 1, "CPUs": 1}, "1664754413.50541": {"GPUs": 1, "CPUs": 1}, "1664754419.50541": {"GPUs": 1, "CPUs": 1}, "1664754420.005436": {"GPUs": 1, "CPUs": 1}, "1664754420.505409": {"GPUs": 1, "CPUs": 1}, "1664754421.005421": {"GPUs": 1, "CPUs": 1}, "1664754421.505406": {"GPUs": 1, "CPUs": 1}, "1664754422.005426": {"GPUs": 1, "CPUs": 2}, "1664754422.50541": {"GPUs": 1, "CPUs": 2}, "1664754423.005414": {"GPUs": 1, "CPUs": 2}, "1664754423.50544": {"GPUs": 1, "CPUs": 2}, "1664754424.005649": {"GPUs": 1, "CPUs": 2}, "1664754434.505436": {"GPUs": 1, "CPUs": 1}, "1664754435.005439": {"GPUs": 1, "CPUs": 2}, "1664754435.505394": {"GPUs": 1, "CPUs": 2}, "1664754436.00542": {"GPUs": 1, "CPUs": 2}, "1664754439.505441": {"GPUs": 1, "CPUs": 2}, "1664754441.00544": {"GPUs": 1, "CPUs": 3}, "1664754441.505422": {"GPUs": 1, "CPUs": 3}, "1664754442.005419": {"GPUs": 1, "CPUs": 3}, "1664754442.50542": {"GPUs": 1, "CPUs": 3}, "1664754443.005417": {"GPUs": 1, "CPUs": 2}, "1664754443.50544": {"GPUs": 1, "CPUs": 1}, "1664754444.005411": {"GPUs": 1, "CPUs": 2}, "1664754444.505416": {"GPUs": 1, "CPUs": 2}, "1664754445.005427": {"GPUs": 1, "CPUs": 1}, "1664754445.50541": {"GPUs": 1, "CPUs": 1}, "1664754446.005436": {"GPUs": 1, "CPUs": 1}, "1664754446.50545": {"GPUs": 1, "CPUs": 1}, "1664754447.005411": {"GPUs": 1, "CPUs": 1}, "1664754447.505433": {"GPUs": 1, "CPUs": 1}, "1664754448.005439": {"GPUs": 1, "CPUs": 2}, "1664754448.505428": {"GPUs": 1, "CPUs": 2}, "1664754455.505438": {"GPUs": 1, "CPUs": 2}, "1664754456.005427": {"GPUs": 1, "CPUs": 2}, "1664754456.505411": {"GPUs": 1, "CPUs": 3}, "1664754457.005419": {"GPUs": 1, "CPUs": 2}, "1664754457.505412": {"GPUs": 1, "CPUs": 1}, "1664754458.005394": {"GPUs": 1, "CPUs": 1}, "1664754476.505433": {"GPUs": 1, "CPUs": 2}, "1664754477.005444": {"GPUs": 1, "CPUs": 2}, "1664754477.505438": {"GPUs": 1, "CPUs": 1}, "1664754478.005429": {"GPUs": 1, "CPUs": 2}, "1664754478.50542": {"GPUs": 1, "CPUs": 1}, "1664754479.005416": {"GPUs": 1, "CPUs": 1}, "1664754479.505412": {"GPUs": 1, "CPUs": 2}, "1664754480.00541": {"GPUs": 1, "CPUs": 1}, "1664754480.505402": {"GPUs": 1, "CPUs": 1}, "1664754481.005417": {"GPUs": 1, "CPUs": 1}, "1664754481.505456": {"GPUs": 1, "CPUs": 2}, "1664754482.00545": {"GPUs": 1, "CPUs": 2}, "1664754482.505426": {"GPUs": 1, "CPUs": 3}, "1664754489.505432": {"GPUs": 1, "CPUs": 1}, "1664754490.005436": {"GPUs": 1, "CPUs": 1}, "1664754490.505418": {"GPUs": 1, "CPUs": 2}, "1664754491.005418": {"GPUs": 1, "CPUs": 1}, "1664754496.00544": {"GPUs": 1, "CPUs": 2}, "1664754496.505413": {"GPUs": 1, "CPUs": 2}, "1664754497.005414": {"GPUs": 1, "CPUs": 2}, "1664754497.505421": {"GPUs": 1, "CPUs": 2}, "1664754498.005412": {"GPUs": 1, "CPUs": 2}, "1664754502.505461": {"GPUs": 1, "CPUs": 1}, "1664754509.505423": {"GPUs": 1, "CPUs": 2}, "1664754524.505418": {"GPUs": 1, "CPUs": 2}, "1664754525.00542": {"GPUs": 1, "CPUs": 1}, "1664754525.505409": {"GPUs": 1, "CPUs": 1}, "1664754526.005412": {"GPUs": 1, "CPUs": 1}, "1664754526.505428": {"GPUs": 1, "CPUs": 2}, "1664754527.005447": {"GPUs": 1, "CPUs": 2}, "1664754527.50541": {"GPUs": 1, "CPUs": 2}, "1664754528.005409": {"GPUs": 1, "CPUs": 2}, "1664754528.50544": {"GPUs": 1, "CPUs": 2}, "1664754529.005411": {"GPUs": 1, "CPUs": 2}, "1664754529.505427": {"GPUs": 1, "CPUs": 2}, "1664754530.005413": {"GPUs": 1, "CPUs": 2}, "1664754530.505413": {"GPUs": 1, "CPUs": 2}, "1664754531.005423": {"GPUs": 1, "CPUs": 2}, "1664754531.505409": {"GPUs": 1, "CPUs": 2}, "1664754532.005412": {"GPUs": 1, "CPUs": 2}, "1664754532.505416": {"GPUs": 1, "CPUs": 2}, "1664754533.005448": {"GPUs": 1, "CPUs": 3}, "1664754533.505448": {"GPUs": 1, "CPUs": 3}, "1664754534.005429": {"GPUs": 1, "CPUs": 2}, "1664754540.508651": {"GPUs": 1, "CPUs": 1}, "1664754543.005438": {"GPUs": 1, "CPUs": 2}, "1664754544.005873": {"GPUs": 1, "CPUs": 1}, "1664754544.505421": {"GPUs": 1, "CPUs": 1}, "1664754545.005427": {"GPUs": 1, "CPUs": 1}, "1664754545.505419": {"GPUs": 1, "CPUs": 1}, "1664754550.505416": {"GPUs": 1, "CPUs": 2}, "1664754552.005417": {"GPUs": 1, "CPUs": 1}}}, "Datapoints": 2513, "RuleParameters": "threshold:50\nio_threshold:50\ngpu_threshold:10\npatience:1000"}