{"RuleTriggered": 0, "Violations": 0, "Details": {"step_num": {"first": 1664754580313642, "last": 1664755551376903}, "job_start": 1664754318.005474, "job_end": 1664755559.505963}, "Datapoints": 362, "RuleParameters": "threshold:20"}