{"RuleTriggered": 0, "Violations": 0, "Details": {"ratio": {"gpu_functions-dev:0": 52.60551352552935, "cpu_functions": 47.39448647447065}, "phase": {"Step:ModeKeys.TRAIN": 12.423850407083794, "others": 86.58882257664514, "Step:ModeKeys.EVAL": 0.9873270162710683}, "phase_time": {}, "CPU": {"aten::conv2d": 12.295961425260831, "aten::convolution": 12.256661133261412, "aten::_convolution": 12.145177554386594, "aten::cudnn_convolution": 12.129555177733966, "aten::item": 5.544569514390043, "aten::_local_scalar_dense": 5.4809377609853405, "torch::autograd::AccumulateGrad": 2.333670011670028, "CudnnConvolutionBackward": 3.2635829008368296, "aten::cudnn_convolution_backward": 3.0725723947775894, "enumerate(DataLoader)#_SingleProcessDataLoaderIter.__next__": 31.477312126697377}, "CPU_total": {"aten::conv2d": 8428772, "aten::convolution": 8401832, "aten::_convolution": 8325411, "aten::cudnn_convolution": 8314702, "aten::item": 3800753, "aten::_local_scalar_dense": 3757134, "torch::autograd::AccumulateGrad": 1599710, "CudnnConvolutionBackward": 2237157, "aten::cudnn_convolution_backward": 2106221, "enumerate(DataLoader)#_SingleProcessDataLoaderIter.__next__": 21577417}, "GPU": {"aten::conv2d": 13.011071200133708, "aten::convolution": 13.008681645905378, "aten::_convolution": 13.006374079702596, "aten::cudnn_convolution": 13.002783797616313, "CudnnConvolutionBackward": 6.483585289808959, "aten::cudnn_convolution_backward": 6.480181464361411, "aten::cudnn_convolution_backward_input": 2.8352133650425984, "aten::cudnn_convolution_backward_weight": 3.638275496136982, "enumerate(DataLoader)#_SingleProcessDataLoaderIter.__next__": 28.533833661292046}, "GPU_total": {"aten::conv2d": 9839076, "aten::convolution": 9837269, "aten::_convolution": 9835524, "aten::cudnn_convolution": 9832809, "CudnnConvolutionBackward": 4902939, "aten::cudnn_convolution_backward": 4900365, "aten::cudnn_convolution_backward_input": 2144011, "aten::cudnn_convolution_backward_weight": 2751293, "enumerate(DataLoader)#_SingleProcessDataLoaderIter.__next__": 21577513}, "general": {"DataLoaderIterInitialize": 0.0064723417698468, "DataLoaderIter": 23.7213289825638, "Forward": 76.27219867566635}}, "Datapoints": 0, "RuleParameters": ""}