{"RuleTriggered": 0, "Violations": 0, "Details": {"step_details": {"algo-1-26": {"step_stats": {"mean": 0.20301705329153605, "max": 9.956823, "p99": 4.6276611999999995, "p95": 0.03822229999999996, "p50": 0.029947, "min": 0.024392}, "number_of_outliers": 10, "phase": "Step:ModeKeys.TRAIN", "stddev": 0.94, "probs": [307, 0, 0, 0, 0, 0, 0, 0, 0, 0, 0, 0, 0, 0, 0, 0, 0, 0, 0, 0, 0, 0, 0, 0, 0, 0, 0, 0, 0, 0, 0, 0, 0, 0, 0, 0, 0, 0, 0, 0, 0, 0, 0, 0, 0, 0, 0, 0, 0, 0, 0, 0, 0, 0, 0, 0, 0, 0, 0, 0, 0, 0, 0, 0, 0, 0, 0, 0, 0, 0, 0, 0, 0, 0, 0, 0, 0, 0, 0, 0, 0, 0, 0, 0, 0, 0, 0, 0, 0, 0, 0, 0, 0, 0, 0, 0, 0, 0, 0, 2], "binedges": [0.024392, 0.04402358, 0.06365516, 0.08328674, 0.10291832, 0.12254989999999999, 0.14218148, 0.16181305999999998, 0.18144464, 0.20107622, 0.22070779999999998, 0.24033938, 0.25997096000000003, 0.27960254, 0.29923412, 0.31886570000000003, 0.33849728, 0.35812886, 0.37776044000000003, 0.39739202, 0.4170236, 0.43665518000000003, 0.45628676, 0.47591834, 0.49554992000000003, 0.5151815, 0.5348130799999999, 0.5544446599999999, 0.5740762399999999, 0.59370782, 0.6133394, 0.63297098, 0.6526025599999999, 0.6722341399999999, 0.6918657199999999, 0.7114972999999999, 0.73112888, 0.75076046, 0.77039204, 0.7900236199999999, 0.8096551999999999, 0.8292867799999999, 0.84891836, 0.86854994, 0.88818152, 0.9078130999999999, 0.9274446799999999, 0.9470762599999999, 0.96670784, 0.98633942, 1.005971, 1.02560258, 1.04523416, 1.06486574, 1.0844973199999999, 1.1041288999999999, 1.1237604799999998, 1.1433920599999998, 1.16302364, 1.18265522, 1.2022868, 1.22191838, 1.24154996, 1.26118154, 1.28081312, 1.3004447, 1.3200762799999999, 1.3397078599999999, 1.3593394399999998, 1.3789710199999998, 1.3986025999999998, 1.41823418, 1.43786576, 1.45749734, 1.47712892, 1.4967605, 1.51639208, 1.53602366, 1.5556552399999999, 1.5752868199999999, 1.5949183999999998, 1.6145499799999998, 1.6341815599999998, 1.6538131399999998, 1.67344472, 1.6930763, 1.71270788, 1.73233946, 1.75197104, 1.77160262, 1.7912341999999999, 1.8108657799999999, 1.8304973599999999, 1.8501289399999998, 1.8697605199999998, 1.8893920999999998, 1.90902368, 1.92865526, 1.94828684, 1.96791842, 1.98755], "step_numbers": ["0", "1", "2", "3", "4", "5", "6", "7", "8", "9"]}}}, "Datapoints": 362, "RuleParameters": "threshold:3\nmode:None\nn_outliers:10\nstddev:3"}